段落編號,段落內容,插圖設計概念,生圖 Prompt
段落_01,"。。沒錯！<這本書由三位重量級作者聯手撰寫：
史欽泰先生被譽為「台灣半導體之父」，<他從1976年就參與工研院的電子工業發展計畫，<一路見證並推動了台灣半導體產業的崛起。
陳添枝先生則是台大經濟系教授，<同時擁有電機工程背景，<曾任經建會主委和國發會主委，<是台灣少數能同時看懂技術和經濟的學者。
。這本書最特別的地方在於，<它不只是講台灣的故事，<而是用比較的視角，<同時分析了美國、日本、韓國和中國的半導體發展。",開場：世界的心臟,"Aspect ratio 1:1, square format, exactly 1024x1024 resolution. This image must be an absolute masterpiece of visual storytelling, designed specifically to captivate an audience interested in global semiconductor industry, high-tech history, and geopolitics. The visual style is an exquisite watercolor realism, intricately characterized by high-quality commercial magazine illustration aesthetics, avoiding any trace of flat, cartoonish, or overly simplistic vector art. Rich, deeply visible cold-pressed paper textures and highly expressive, artistic wet-on-wet brushstrokes are prominently featured throughout the entire canvas, giving the artwork a tangible, physical presence. The composition is exceptionally detailed and meticulously balanced, featuring a highly sophisticated color palette that seamlessly blends deep, moody atmospheric tones—such as midnight blues, rich indigos, and deep forest greens—with radiant, luminous highlights of electric cyan, glowing amber, and opulent gold. The lighting design is dramatic, theatrical, and highly cinematic, casting soft, diffused shadows while creating a premium, luxurious, and exclusive atmosphere. Absolutely no text, no words, no alphabet letters, and no numerical characters should be visible anywhere in the image; the communication must be entirely visual and symbolic. The aesthetic should be extremely polished, elegant, and sophisticated, evoking the feeling of reading a prestigious luxury technology periodical or stepping into the private, quiet study of a senior tech strategist. The artwork should masterfully bridge the gap between traditional fine art techniques and modern digital conceptual design, utilizing deliberate ink spatters, delicate and precise line work, and multiple transparent layered watercolor washes to build immense depth, volume, and visual complexity. Every single detail, from the macro structures to the micro textures, must be rendered with sharp, hyper-realistic precision. The watercolor brushstrokes should feel organic and fluid, standing in stark contrast with the precise, rigid geometric shapes of any technological elements present, creating a visual metaphor for the intersection of organic human history and the precise nature of silicon technology. The central focus of this specific image is: A glowing island of Taiwan shaped like a golden, intricate computer chip, connected to the rest of the world by pulsing, glowing optical fiber cables across a dark blue ocean."
段落_02,"讓我們看到台灣半導體的成功，<其實是在全球地緣政治、<產業競爭和技術演進的大棋盤上，<一步一步走出來的。
。。是的，<我們今天特別邀請到""作者的分身""，<來為我們深入解讀這本含金量極高的著作。
看完這支影片，<您將了解台灣半導體產業五十年的完整發展脈絡，<以及它為何能從一個邊緣小島，<成為牽動全球地緣政治的「矽盾」。
。。。兩位主持人好，<各位觀眾大家好。
這本書用非常紮實的學術研究功力，<把一個極其複雜的產業故事講得清楚透徹。
台灣半導體產業的崛起，<不是偶然的奇蹟，<而是政府遠見、工程師奉獻、<企業家冒險精神，<加上全球產業結構變遷<共同作用的結果。",RCA計畫與一頓早餐,"Aspect ratio 1:1, square format, exactly 1024x1024 resolution. This image must be an absolute masterpiece of visual storytelling, designed specifically to captivate an audience interested in global semiconductor industry, high-tech history, and geopolitics. The visual style is an exquisite watercolor realism, intricately characterized by high-quality commercial magazine illustration aesthetics, avoiding any trace of flat, cartoonish, or overly simplistic vector art. Rich, deeply visible cold-pressed paper textures and highly expressive, artistic wet-on-wet brushstrokes are prominently featured throughout the entire canvas, giving the artwork a tangible, physical presence. The composition is exceptionally detailed and meticulously balanced, featuring a highly sophisticated color palette that seamlessly blends deep, moody atmospheric tones—such as midnight blues, rich indigos, and deep forest greens—with radiant, luminous highlights of electric cyan, glowing amber, and opulent gold. The lighting design is dramatic, theatrical, and highly cinematic, casting soft, diffused shadows while creating a premium, luxurious, and exclusive atmosphere. Absolutely no text, no words, no alphabet letters, and no numerical characters should be visible anywhere in the image; the communication must be entirely visual and symbolic. The aesthetic should be extremely polished, elegant, and sophisticated, evoking the feeling of reading a prestigious luxury technology periodical or stepping into the private, quiet study of a senior tech strategist. The artwork should masterfully bridge the gap between traditional fine art techniques and modern digital conceptual design, utilizing deliberate ink spatters, delicate and precise line work, and multiple transparent layered watercolor washes to build immense depth, volume, and visual complexity. Every single detail, from the macro structures to the micro textures, must be rendered with sharp, hyper-realistic precision. The watercolor brushstrokes should feel organic and fluid, standing in stark contrast with the precise, rigid geometric shapes of any technological elements present, creating a visual metaphor for the intersection of organic human history and the precise nature of silicon technology. The central focus of this specific image is: A nostalgic 1970s American diner table with a coffee cup and an older handwritten plan on a napkin, with faint blue circuit traces starting to glow on the paper."
段落_03,"。太好了！<那我們就從故事的源頭開始，<看看這一切究竟是怎麼開始的。
@@@@
>>>>一頓早餐改變國運：R C A 計畫與半導體技術引進
。老師，<書中提到台灣半導體產業的起點，<竟然和一頓早餐有關？<這聽起來太傳奇了。
。。。是的，<這個故事要從1974年說起。
當時台灣剛退出聯合國不久，<國際地位岌岌可危。<政府高層深感必須發展高科技產業，<才能讓世界看見台灣。
有一天早上，<在美國的一家小餐館裡，<一位叫潘文淵的旅美華人科學家，<在餐巾紙的背面草擬了一份計畫書，<建議台灣發展積體電路技術。
。等等，<在餐巾紙上？<這也太隨性了吧！",CMOS技術選擇的遠見,"Aspect ratio 1:1, square format, exactly 1024x1024 resolution. This image must be an absolute masterpiece of visual storytelling, designed specifically to captivate an audience interested in global semiconductor industry, high-tech history, and geopolitics. The visual style is an exquisite watercolor realism, intricately characterized by high-quality commercial magazine illustration aesthetics, avoiding any trace of flat, cartoonish, or overly simplistic vector art. Rich, deeply visible cold-pressed paper textures and highly expressive, artistic wet-on-wet brushstrokes are prominently featured throughout the entire canvas, giving the artwork a tangible, physical presence. The composition is exceptionally detailed and meticulously balanced, featuring a highly sophisticated color palette that seamlessly blends deep, moody atmospheric tones—such as midnight blues, rich indigos, and deep forest greens—with radiant, luminous highlights of electric cyan, glowing amber, and opulent gold. The lighting design is dramatic, theatrical, and highly cinematic, casting soft, diffused shadows while creating a premium, luxurious, and exclusive atmosphere. Absolutely no text, no words, no alphabet letters, and no numerical characters should be visible anywhere in the image; the communication must be entirely visual and symbolic. The aesthetic should be extremely polished, elegant, and sophisticated, evoking the feeling of reading a prestigious luxury technology periodical or stepping into the private, quiet study of a senior tech strategist. The artwork should masterfully bridge the gap between traditional fine art techniques and modern digital conceptual design, utilizing deliberate ink spatters, delicate and precise line work, and multiple transparent layered watercolor washes to build immense depth, volume, and visual complexity. Every single detail, from the macro structures to the micro textures, must be rendered with sharp, hyper-realistic precision. The watercolor brushstrokes should feel organic and fluid, standing in stark contrast with the precise, rigid geometric shapes of any technological elements present, creating a visual metaphor for the intersection of organic human history and the precise nature of silicon technology. The central focus of this specific image is: A scientific diagram showing the CMOS architecture, illustrated as glowing, balanced golden circuits with green energy channels, representing efficiency and foresight."
段落_04,"。。。聽起來隨性，<但潘文淵可不是普通人。<他在美國 R C A 公司擔任研究主管，<是積體電路領域的權威。
更關鍵的是，<當時的經濟部長孫運璿和政務委員李國鼎，<都有強烈的危機意識，<願意賭上政治生命來推動這件事。
孫運璿做了一個極其大膽的決定：<派遣一批年輕工程師到美國 R C A 公司，<學習積體電路的設計和製造技術。
。。這就是書中所說的「R C A 計畫」對吧？<當時的技術移轉過程順利嗎？
。。。R C A 計畫從1976年開始執行。<工研院電子所派出了一批精挑細選的工程師赴美受訓，<他們要在極短時間內學會整套製程技術。
書中特別提到一個細節：<台灣選擇了當時較新的 CMOS 技術，<而不是主流的NMOS。",工研院示範工廠,"Aspect ratio 1:1, square format, exactly 1024x1024 resolution. This image must be an absolute masterpiece of visual storytelling, designed specifically to captivate an audience interested in global semiconductor industry, high-tech history, and geopolitics. The visual style is an exquisite watercolor realism, intricately characterized by high-quality commercial magazine illustration aesthetics, avoiding any trace of flat, cartoonish, or overly simplistic vector art. Rich, deeply visible cold-pressed paper textures and highly expressive, artistic wet-on-wet brushstrokes are prominently featured throughout the entire canvas, giving the artwork a tangible, physical presence. The composition is exceptionally detailed and meticulously balanced, featuring a highly sophisticated color palette that seamlessly blends deep, moody atmospheric tones—such as midnight blues, rich indigos, and deep forest greens—with radiant, luminous highlights of electric cyan, glowing amber, and opulent gold. The lighting design is dramatic, theatrical, and highly cinematic, casting soft, diffused shadows while creating a premium, luxurious, and exclusive atmosphere. Absolutely no text, no words, no alphabet letters, and no numerical characters should be visible anywhere in the image; the communication must be entirely visual and symbolic. The aesthetic should be extremely polished, elegant, and sophisticated, evoking the feeling of reading a prestigious luxury technology periodical or stepping into the private, quiet study of a senior tech strategist. The artwork should masterfully bridge the gap between traditional fine art techniques and modern digital conceptual design, utilizing deliberate ink spatters, delicate and precise line work, and multiple transparent layered watercolor washes to build immense depth, volume, and visual complexity. Every single detail, from the macro structures to the micro textures, must be rendered with sharp, hyper-realistic precision. The watercolor brushstrokes should feel organic and fluid, standing in stark contrast with the precise, rigid geometric shapes of any technological elements present, creating a visual metaphor for the intersection of organic human history and the precise nature of silicon technology. The central focus of this specific image is: A busy 1970s factory interior where young Taiwanese engineers in cleanroom suits are carefully aligning glowing glass photomasks under microscope lights."
段落_05,"這個選擇後來被證明極具遠見，<因為CMOS後來成為全球半導體的通用架構，<一直沿用到今天。
。所以台灣從一開始就押對了技術路線？
。。。可以這麼說。<但更重要的是，< R C A 計畫不只是買設備、學技術，<它還建立了一個「示範工廠」，<用來驗證技術的可行性，<並培養了台灣第一批本土半導體工程師。
這批工程師後來成為整個產業的種子，<聯電、台積電的核心團隊，<很多都是從這裡出來的。
書中的一個重要觀點是：<台灣選擇了由政府主導技術引進，<再移轉給民間企業的模式。
這和韓國由財閥自行投資、<自行從國外取得技術的模式截然不同，<也決定了兩國半導體產業<走上完全不同的發展道路。",VLSI計畫與聯電,"Aspect ratio 1:1, square format, exactly 1024x1024 resolution. This image must be an absolute masterpiece of visual storytelling, designed specifically to captivate an audience interested in global semiconductor industry, high-tech history, and geopolitics. The visual style is an exquisite watercolor realism, intricately characterized by high-quality commercial magazine illustration aesthetics, avoiding any trace of flat, cartoonish, or overly simplistic vector art. Rich, deeply visible cold-pressed paper textures and highly expressive, artistic wet-on-wet brushstrokes are prominently featured throughout the entire canvas, giving the artwork a tangible, physical presence. The composition is exceptionally detailed and meticulously balanced, featuring a highly sophisticated color palette that seamlessly blends deep, moody atmospheric tones—such as midnight blues, rich indigos, and deep forest greens—with radiant, luminous highlights of electric cyan, glowing amber, and opulent gold. The lighting design is dramatic, theatrical, and highly cinematic, casting soft, diffused shadows while creating a premium, luxurious, and exclusive atmosphere. Absolutely no text, no words, no alphabet letters, and no numerical characters should be visible anywhere in the image; the communication must be entirely visual and symbolic. The aesthetic should be extremely polished, elegant, and sophisticated, evoking the feeling of reading a prestigious luxury technology periodical or stepping into the private, quiet study of a senior tech strategist. The artwork should masterfully bridge the gap between traditional fine art techniques and modern digital conceptual design, utilizing deliberate ink spatters, delicate and precise line work, and multiple transparent layered watercolor washes to build immense depth, volume, and visual complexity. Every single detail, from the macro structures to the micro textures, must be rendered with sharp, hyper-realistic precision. The watercolor brushstrokes should feel organic and fluid, standing in stark contrast with the precise, rigid geometric shapes of any technological elements present, creating a visual metaphor for the intersection of organic human history and the precise nature of silicon technology. The central focus of this specific image is: A giant microchip from the 1980s, showcasing micro-scale circuits, with the wordless layout glowing in vibrant blue, signifying technological scaling."
段落_06,"。。這段歷史真的讓人感慨，<一個政府的遠見，<加上一群工程師的拼命，<就此改變了一個國家的命運。
那麼從 R C A 計畫到台積電的成立，<中間又發生了什麼關鍵的事呢？
@@@@
>>>>從聯電到台積電：張忠謀與純晶圓代工模式的誕生
。書中用了很大篇幅討論台積電的誕生。<在台積電之前，<台灣已經有了聯電，<為什麼還需要再成立一家半導體公司？
。。。這就要講到台灣半導體產業發展的第二階段。
聯電成立於1980年，<是 R C A 計畫的第一家衍生公司，<採用的是傳統的 I D M 模式，<也就是自己設計、自己製造、自己銷售。
但聯電的規模太小，<在全球市場上根本無法和英特爾、<德州儀器這些巨頭競爭。",張忠謀與純晶圓代工,"Aspect ratio 1:1, square format, exactly 1024x1024 resolution. This image must be an absolute masterpiece of visual storytelling, designed specifically to captivate an audience interested in global semiconductor industry, high-tech history, and geopolitics. The visual style is an exquisite watercolor realism, intricately characterized by high-quality commercial magazine illustration aesthetics, avoiding any trace of flat, cartoonish, or overly simplistic vector art. Rich, deeply visible cold-pressed paper textures and highly expressive, artistic wet-on-wet brushstrokes are prominently featured throughout the entire canvas, giving the artwork a tangible, physical presence. The composition is exceptionally detailed and meticulously balanced, featuring a highly sophisticated color palette that seamlessly blends deep, moody atmospheric tones—such as midnight blues, rich indigos, and deep forest greens—with radiant, luminous highlights of electric cyan, glowing amber, and opulent gold. The lighting design is dramatic, theatrical, and highly cinematic, casting soft, diffused shadows while creating a premium, luxurious, and exclusive atmosphere. Absolutely no text, no words, no alphabet letters, and no numerical characters should be visible anywhere in the image; the communication must be entirely visual and symbolic. The aesthetic should be extremely polished, elegant, and sophisticated, evoking the feeling of reading a prestigious luxury technology periodical or stepping into the private, quiet study of a senior tech strategist. The artwork should masterfully bridge the gap between traditional fine art techniques and modern digital conceptual design, utilizing deliberate ink spatters, delicate and precise line work, and multiple transparent layered watercolor washes to build immense depth, volume, and visual complexity. Every single detail, from the macro structures to the micro textures, must be rendered with sharp, hyper-realistic precision. The watercolor brushstrokes should feel organic and fluid, standing in stark contrast with the precise, rigid geometric shapes of any technological elements present, creating a visual metaphor for the intersection of organic human history and the precise nature of silicon technology. The central focus of this specific image is: An elegant, conceptual portrait of a visionary business leader's desk, featuring a clean silicon wafer on a stand, a drafting compass, and blueprint rolls under a single warm spotlight."
段落_07,"到了1985年，<工研院啟動了第二個重大計畫，<叫做「V L S I 計畫」，<目標是把製程技術推進到一微米以下。
。。V L S I 計畫結束後，<工研院的技術要移轉出去，<就像當年 R C A 計畫催生了聯電一樣。<這次催生的，<就是台積電？
。。。正是如此。<但台積電的誕生比聯電複雜得多。
1985年，<張忠謀從美國回到台灣，<擔任工研院院長。<他在美國半導體業界工作了超過二十五年，<在德州儀器做到資深副總裁的位置。
張忠謀觀察到一個重要的趨勢：<隨著半導體技術越來越複雜，<建一座晶圓廠的成本越來越高，<很多有好點子的小公司根本蓋不起工廠。
他提出了一個革命性的商業模式：<「純晶圓代工」。",不與客戶競爭,"Aspect ratio 1:1, square format, exactly 1024x1024 resolution. This image must be an absolute masterpiece of visual storytelling, designed specifically to captivate an audience interested in global semiconductor industry, high-tech history, and geopolitics. The visual style is an exquisite watercolor realism, intricately characterized by high-quality commercial magazine illustration aesthetics, avoiding any trace of flat, cartoonish, or overly simplistic vector art. Rich, deeply visible cold-pressed paper textures and highly expressive, artistic wet-on-wet brushstrokes are prominently featured throughout the entire canvas, giving the artwork a tangible, physical presence. The composition is exceptionally detailed and meticulously balanced, featuring a highly sophisticated color palette that seamlessly blends deep, moody atmospheric tones—such as midnight blues, rich indigos, and deep forest greens—with radiant, luminous highlights of electric cyan, glowing amber, and opulent gold. The lighting design is dramatic, theatrical, and highly cinematic, casting soft, diffused shadows while creating a premium, luxurious, and exclusive atmosphere. Absolutely no text, no words, no alphabet letters, and no numerical characters should be visible anywhere in the image; the communication must be entirely visual and symbolic. The aesthetic should be extremely polished, elegant, and sophisticated, evoking the feeling of reading a prestigious luxury technology periodical or stepping into the private, quiet study of a senior tech strategist. The artwork should masterfully bridge the gap between traditional fine art techniques and modern digital conceptual design, utilizing deliberate ink spatters, delicate and precise line work, and multiple transparent layered watercolor washes to build immense depth, volume, and visual complexity. Every single detail, from the macro structures to the micro textures, must be rendered with sharp, hyper-realistic precision. The watercolor brushstrokes should feel organic and fluid, standing in stark contrast with the precise, rigid geometric shapes of any technological elements present, creating a visual metaphor for the intersection of organic human history and the precise nature of silicon technology. The central focus of this specific image is: A hand holding a blank silicon wafer, surrounded by floating, diverse colorful chip designs from other companies, symbolizing neutral, dedicated service."
段落_08,"也就是台積電只負責製造，<不設計自己的產品，<不和客戶競爭。
。這個模式在當時沒有先例吧？<別人怎麼看？
。。。當時幾乎沒有人看好。
書中引用了張忠謀的回憶：<他去拜訪客戶時，<那些大型IDM公司根本不理他，<因為它們都有自己的工廠。
但張忠謀看到了一個被忽略的市場：<那些「無晶圓廠」的晶片設計公司。<這些公司有很好的設計能力，<卻因為蓋不起工廠而無法量產。
台積電等於為這些公司開啟了一扇門。<後來輝達、高通、博通這些巨頭，<全都是靠台積電的代工服務才能崛起。",英特爾的品質認證,"Aspect ratio 1:1, square format, exactly 1024x1024 resolution. This image must be an absolute masterpiece of visual storytelling, designed specifically to captivate an audience interested in global semiconductor industry, high-tech history, and geopolitics. The visual style is an exquisite watercolor realism, intricately characterized by high-quality commercial magazine illustration aesthetics, avoiding any trace of flat, cartoonish, or overly simplistic vector art. Rich, deeply visible cold-pressed paper textures and highly expressive, artistic wet-on-wet brushstrokes are prominently featured throughout the entire canvas, giving the artwork a tangible, physical presence. The composition is exceptionally detailed and meticulously balanced, featuring a highly sophisticated color palette that seamlessly blends deep, moody atmospheric tones—such as midnight blues, rich indigos, and deep forest greens—with radiant, luminous highlights of electric cyan, glowing amber, and opulent gold. The lighting design is dramatic, theatrical, and highly cinematic, casting soft, diffused shadows while creating a premium, luxurious, and exclusive atmosphere. Absolutely no text, no words, no alphabet letters, and no numerical characters should be visible anywhere in the image; the communication must be entirely visual and symbolic. The aesthetic should be extremely polished, elegant, and sophisticated, evoking the feeling of reading a prestigious luxury technology periodical or stepping into the private, quiet study of a senior tech strategist. The artwork should masterfully bridge the gap between traditional fine art techniques and modern digital conceptual design, utilizing deliberate ink spatters, delicate and precise line work, and multiple transparent layered watercolor washes to build immense depth, volume, and visual complexity. Every single detail, from the macro structures to the micro textures, must be rendered with sharp, hyper-realistic precision. The watercolor brushstrokes should feel organic and fluid, standing in stark contrast with the precise, rigid geometric shapes of any technological elements present, creating a visual metaphor for the intersection of organic human history and the precise nature of silicon technology. The central focus of this specific image is: A heavy, gold-embossed quality certificate showing a glowing checkmark, resting next to a pristine, highly detailed silicon wafer on a velvet cushion."
段落_09,"。。書中還提到一個非常精彩的細節，<就是台積電成立初期，<通過了英特爾的品質認證。<這件事的意義是什麼？
。。。這是台積電早期最關鍵的轉折點之一。
1988年，<英特爾的CEO安迪葛洛夫訪問台積電，<把一款產品交給台積電試做。
當時台積電的共同創辦人曾繁城，<要求所有製程都嚴格遵照英特爾的標準。<結果在1989年就通過認證，<生產合格。
消息傳出後，<美國的無晶圓廠設計公司開始蜂擁而至。<大家的想法很簡單：<如果連英特爾都認可，<那品質一定沒問題。
從此台積電打開了市場，<不再擔心客戶不來。",邏輯晶片vsDRAM,"Aspect ratio 1:1, square format, exactly 1024x1024 resolution. This image must be an absolute masterpiece of visual storytelling, designed specifically to captivate an audience interested in global semiconductor industry, high-tech history, and geopolitics. The visual style is an exquisite watercolor realism, intricately characterized by high-quality commercial magazine illustration aesthetics, avoiding any trace of flat, cartoonish, or overly simplistic vector art. Rich, deeply visible cold-pressed paper textures and highly expressive, artistic wet-on-wet brushstrokes are prominently featured throughout the entire canvas, giving the artwork a tangible, physical presence. The composition is exceptionally detailed and meticulously balanced, featuring a highly sophisticated color palette that seamlessly blends deep, moody atmospheric tones—such as midnight blues, rich indigos, and deep forest greens—with radiant, luminous highlights of electric cyan, glowing amber, and opulent gold. The lighting design is dramatic, theatrical, and highly cinematic, casting soft, diffused shadows while creating a premium, luxurious, and exclusive atmosphere. Absolutely no text, no words, no alphabet letters, and no numerical characters should be visible anywhere in the image; the communication must be entirely visual and symbolic. The aesthetic should be extremely polished, elegant, and sophisticated, evoking the feeling of reading a prestigious luxury technology periodical or stepping into the private, quiet study of a senior tech strategist. The artwork should masterfully bridge the gap between traditional fine art techniques and modern digital conceptual design, utilizing deliberate ink spatters, delicate and precise line work, and multiple transparent layered watercolor washes to build immense depth, volume, and visual complexity. Every single detail, from the macro structures to the micro textures, must be rendered with sharp, hyper-realistic precision. The watercolor brushstrokes should feel organic and fluid, standing in stark contrast with the precise, rigid geometric shapes of any technological elements present, creating a visual metaphor for the intersection of organic human history and the precise nature of silicon technology. The central focus of this specific image is: A split composition: the left side shows highly complex, diverse logic circuit logic paths; the right side shows simple, repetitive grid cells of memory chips."
段落_10,"。這就像是拿到了一張「品質通行證」。<那麼台積電的代工模式為什麼能成功，<而其他模式卻失敗了呢？
@@@@
>>>>代工模式的勝利：為什麼台灣贏了邏輯晶片，卻輸了DRAM？
。書中專門討論了台灣在DRAM領域的慘敗。<同樣是半導體，<為什麼代工模式在邏輯晶片大獲全勝，<在DRAM卻一敗塗地？
。。。這個對比非常精彩，<也是本書最有洞察力的分析之一。
要理解這個問題，<必須先搞清楚邏輯晶片和DRAM的本質差異。
邏輯晶片是客製化的產品，<每家設計公司的需求都不同，<需要不同的電路架構和功能。<在這個領域，<晶圓代工廠提供的是「製造服務」，<客戶帶著設計圖來，<代工廠負責把它變成實體晶片。",DRAM設計與製造耦合,"Aspect ratio 1:1, square format, exactly 1024x1024 resolution. This image must be an absolute masterpiece of visual storytelling, designed specifically to captivate an audience interested in global semiconductor industry, high-tech history, and geopolitics. The visual style is an exquisite watercolor realism, intricately characterized by high-quality commercial magazine illustration aesthetics, avoiding any trace of flat, cartoonish, or overly simplistic vector art. Rich, deeply visible cold-pressed paper textures and highly expressive, artistic wet-on-wet brushstrokes are prominently featured throughout the entire canvas, giving the artwork a tangible, physical presence. The composition is exceptionally detailed and meticulously balanced, featuring a highly sophisticated color palette that seamlessly blends deep, moody atmospheric tones—such as midnight blues, rich indigos, and deep forest greens—with radiant, luminous highlights of electric cyan, glowing amber, and opulent gold. The lighting design is dramatic, theatrical, and highly cinematic, casting soft, diffused shadows while creating a premium, luxurious, and exclusive atmosphere. Absolutely no text, no words, no alphabet letters, and no numerical characters should be visible anywhere in the image; the communication must be entirely visual and symbolic. The aesthetic should be extremely polished, elegant, and sophisticated, evoking the feeling of reading a prestigious luxury technology periodical or stepping into the private, quiet study of a senior tech strategist. The artwork should masterfully bridge the gap between traditional fine art techniques and modern digital conceptual design, utilizing deliberate ink spatters, delicate and precise line work, and multiple transparent layered watercolor washes to build immense depth, volume, and visual complexity. Every single detail, from the macro structures to the micro textures, must be rendered with sharp, hyper-realistic precision. The watercolor brushstrokes should feel organic and fluid, standing in stark contrast with the precise, rigid geometric shapes of any technological elements present, creating a visual metaphor for the intersection of organic human history and the precise nature of silicon technology. The central focus of this specific image is: A double helix or interwoven golden gears, representing the tight integration of product design and manufacturing process in DRAM."
段落_11,"但DRAM是標準化的商品，<不管是哪家公司生產的，<規格都一樣，<插上去就能用。<競爭的核心就是成本和產能。
。。所以DRAM比的是誰能大量生產、<誰的成本最低？
。。。沒錯。<而且DRAM有一個更致命的特點：<產品設計和製程技術是緊密耦合的。
什麼意思呢？<在邏輯晶片的領域，<設計和製造可以分離，<設計公司負責創新，<代工廠負責生產，<雙方各司其職。
但在DRAM領域，<要做出更好的產品，<必須同時改進產品設計和製程技術。<這兩者要不斷地磨合、調整。
如果設計在A公司，<製造在B公司，<溝通成本極高，<研發效率大打折扣。<所以DRAM必須用IDM模式，<也就是設計製造一體化。",台灣DRAM失敗與警告,"Aspect ratio 1:1, square format, exactly 1024x1024 resolution. This image must be an absolute masterpiece of visual storytelling, designed specifically to captivate an audience interested in global semiconductor industry, high-tech history, and geopolitics. The visual style is an exquisite watercolor realism, intricately characterized by high-quality commercial magazine illustration aesthetics, avoiding any trace of flat, cartoonish, or overly simplistic vector art. Rich, deeply visible cold-pressed paper textures and highly expressive, artistic wet-on-wet brushstrokes are prominently featured throughout the entire canvas, giving the artwork a tangible, physical presence. The composition is exceptionally detailed and meticulously balanced, featuring a highly sophisticated color palette that seamlessly blends deep, moody atmospheric tones—such as midnight blues, rich indigos, and deep forest greens—with radiant, luminous highlights of electric cyan, glowing amber, and opulent gold. The lighting design is dramatic, theatrical, and highly cinematic, casting soft, diffused shadows while creating a premium, luxurious, and exclusive atmosphere. Absolutely no text, no words, no alphabet letters, and no numerical characters should be visible anywhere in the image; the communication must be entirely visual and symbolic. The aesthetic should be extremely polished, elegant, and sophisticated, evoking the feeling of reading a prestigious luxury technology periodical or stepping into the private, quiet study of a senior tech strategist. The artwork should masterfully bridge the gap between traditional fine art techniques and modern digital conceptual design, utilizing deliberate ink spatters, delicate and precise line work, and multiple transparent layered watercolor washes to build immense depth, volume, and visual complexity. Every single detail, from the macro structures to the micro textures, must be rendered with sharp, hyper-realistic precision. The watercolor brushstrokes should feel organic and fluid, standing in stark contrast with the precise, rigid geometric shapes of any technological elements present, creating a visual metaphor for the intersection of organic human history and the precise nature of silicon technology. The central focus of this specific image is: A stormy sea with a lonely ship (representing a DRAM manufacturer) navigating giant waves, under dark clouds, with a faint red warning light on the horizon."
段落_12,"。書中提到，<台灣當時成立了好幾家DRAM公司，<像是世界先進、德碁、力晶、南亞科、茂德，<但最後幾乎全軍覆沒？
。。。是的。<書中記載了一段非常戲劇性的歷史。
1989年，<三星的董事長李健熙親自來台灣，<警告台灣的產業領袖不要進入DRAM市場。
他說了三個理由：<第一，三星財力雄厚，<可以承受長期虧損；<第二，三星是私人企業，決策靈活；<第三，三星已經技術自主。
但台灣的領袖們沒有聽從警告。<施振榮堅持要做，<因為DRAM是電腦的關鍵零件；<史欽泰也繼續推動次微米計畫，<因為他的使命是發展自主技術。
。。結果如何？",缺乏產品設計能力,"Aspect ratio 1:1, square format, exactly 1024x1024 resolution. This image must be an absolute masterpiece of visual storytelling, designed specifically to captivate an audience interested in global semiconductor industry, high-tech history, and geopolitics. The visual style is an exquisite watercolor realism, intricately characterized by high-quality commercial magazine illustration aesthetics, avoiding any trace of flat, cartoonish, or overly simplistic vector art. Rich, deeply visible cold-pressed paper textures and highly expressive, artistic wet-on-wet brushstrokes are prominently featured throughout the entire canvas, giving the artwork a tangible, physical presence. The composition is exceptionally detailed and meticulously balanced, featuring a highly sophisticated color palette that seamlessly blends deep, moody atmospheric tones—such as midnight blues, rich indigos, and deep forest greens—with radiant, luminous highlights of electric cyan, glowing amber, and opulent gold. The lighting design is dramatic, theatrical, and highly cinematic, casting soft, diffused shadows while creating a premium, luxurious, and exclusive atmosphere. Absolutely no text, no words, no alphabet letters, and no numerical characters should be visible anywhere in the image; the communication must be entirely visual and symbolic. The aesthetic should be extremely polished, elegant, and sophisticated, evoking the feeling of reading a prestigious luxury technology periodical or stepping into the private, quiet study of a senior tech strategist. The artwork should masterfully bridge the gap between traditional fine art techniques and modern digital conceptual design, utilizing deliberate ink spatters, delicate and precise line work, and multiple transparent layered watercolor washes to build immense depth, volume, and visual complexity. Every single detail, from the macro structures to the micro textures, must be rendered with sharp, hyper-realistic precision. The watercolor brushstrokes should feel organic and fluid, standing in stark contrast with the precise, rigid geometric shapes of any technological elements present, creating a visual metaphor for the intersection of organic human history and the precise nature of silicon technology. The central focus of this specific image is: An empty architect's drawing board next to a busy, fully automated factory floor, symbolizing having the means of production but lacking the original design blueprint."
段落_13,"。。。結果正如李健熙所預言，<台灣的DRAM公司一個接一個倒下。
核心問題在於，<台灣的DRAM公司沒有自主技術，<全部依賴國外授權。
技術來源從日本的三菱、沖電氣，<到德國的英飛凌，<再到美國的美光，<換了一輪又一輪。
更糟糕的是，<這些技術母廠自己也在DRAM戰爭中節節敗退。
當技術母廠倒閉或退出市場，<台灣公司就成了「無助的孤鳥」，<完全失去技術來源。
張忠謀後來總結說：<台灣在DRAM失敗的根本原因，<就是「缺乏產品設計能力」。
。所以同樣是半導體，<代工模式在邏輯晶片成功，<在DRAM失敗，<關鍵就在於產品的本質不同。",日本半導體興盛,"Aspect ratio 1:1, square format, exactly 1024x1024 resolution. This image must be an absolute masterpiece of visual storytelling, designed specifically to captivate an audience interested in global semiconductor industry, high-tech history, and geopolitics. The visual style is an exquisite watercolor realism, intricately characterized by high-quality commercial magazine illustration aesthetics, avoiding any trace of flat, cartoonish, or overly simplistic vector art. Rich, deeply visible cold-pressed paper textures and highly expressive, artistic wet-on-wet brushstrokes are prominently featured throughout the entire canvas, giving the artwork a tangible, physical presence. The composition is exceptionally detailed and meticulously balanced, featuring a highly sophisticated color palette that seamlessly blends deep, moody atmospheric tones—such as midnight blues, rich indigos, and deep forest greens—with radiant, luminous highlights of electric cyan, glowing amber, and opulent gold. The lighting design is dramatic, theatrical, and highly cinematic, casting soft, diffused shadows while creating a premium, luxurious, and exclusive atmosphere. Absolutely no text, no words, no alphabet letters, and no numerical characters should be visible anywhere in the image; the communication must be entirely visual and symbolic. The aesthetic should be extremely polished, elegant, and sophisticated, evoking the feeling of reading a prestigious luxury technology periodical or stepping into the private, quiet study of a senior tech strategist. The artwork should masterfully bridge the gap between traditional fine art techniques and modern digital conceptual design, utilizing deliberate ink spatters, delicate and precise line work, and multiple transparent layered watercolor washes to build immense depth, volume, and visual complexity. Every single detail, from the macro structures to the micro textures, must be rendered with sharp, hyper-realistic precision. The watercolor brushstrokes should feel organic and fluid, standing in stark contrast with the precise, rigid geometric shapes of any technological elements present, creating a visual metaphor for the intersection of organic human history and the precise nature of silicon technology. The central focus of this specific image is: A triumphant rising sun casting golden light over a massive, ultra-modern factory in Tokyo, with five giant columns symbolizing the five major Japanese electronics conglomerates."
段落_14,"。。沒錯。這個教訓非常深刻：<不是所有成功的商業模式都能套用到所有領域，<必須看清產業的本質特徵。
接下來，<讓我們把目光轉向國際，<看看日本和韓國的半導體故事。
@@@@
>>>>日本的興與衰：從稱霸全球到失落三十年
。書中講述了日本半導體產業的興衰史，<這段歷史對理解整個全球半導體格局至關重要。
老師，<日本曾經是半導體的王者，<後來為什麼會衰落？
。。。日本半導體的故事<可以說是一部「盛極而衰」的史詩。
1976年，<日本通產省啟動了著名的「VLSI計畫」，<召集了NEC、日立、東芝、富士通、三菱<五大巨頭組成研究聯盟。",美日貿易協定,"Aspect ratio 1:1, square format, exactly 1024x1024 resolution. This image must be an absolute masterpiece of visual storytelling, designed specifically to captivate an audience interested in global semiconductor industry, high-tech history, and geopolitics. The visual style is an exquisite watercolor realism, intricately characterized by high-quality commercial magazine illustration aesthetics, avoiding any trace of flat, cartoonish, or overly simplistic vector art. Rich, deeply visible cold-pressed paper textures and highly expressive, artistic wet-on-wet brushstrokes are prominently featured throughout the entire canvas, giving the artwork a tangible, physical presence. The composition is exceptionally detailed and meticulously balanced, featuring a highly sophisticated color palette that seamlessly blends deep, moody atmospheric tones—such as midnight blues, rich indigos, and deep forest greens—with radiant, luminous highlights of electric cyan, glowing amber, and opulent gold. The lighting design is dramatic, theatrical, and highly cinematic, casting soft, diffused shadows while creating a premium, luxurious, and exclusive atmosphere. Absolutely no text, no words, no alphabet letters, and no numerical characters should be visible anywhere in the image; the communication must be entirely visual and symbolic. The aesthetic should be extremely polished, elegant, and sophisticated, evoking the feeling of reading a prestigious luxury technology periodical or stepping into the private, quiet study of a senior tech strategist. The artwork should masterfully bridge the gap between traditional fine art techniques and modern digital conceptual design, utilizing deliberate ink spatters, delicate and precise line work, and multiple transparent layered watercolor washes to build immense depth, volume, and visual complexity. Every single detail, from the macro structures to the micro textures, must be rendered with sharp, hyper-realistic precision. The watercolor brushstrokes should feel organic and fluid, standing in stark contrast with the precise, rigid geometric shapes of any technological elements present, creating a visual metaphor for the intersection of organic human history and the precise nature of silicon technology. The central focus of this specific image is: A heavy metal stamp press coming down on a map of Japan, with sparks of electric blue flying, representing trade sanctions and restrictions."
段落_15,"這個計畫非常成功，<不僅推進了日本的DRAM製程技術，<還培育了佳能、Nikon等半導體設備商。
到了1988年，<日本半導體的全球市占率達到52%的巔峰，<美國反而跌到了37%。<NEC、東芝、日立包攬全球前三名。
。。那這麼強大的日本，<為什麼後來會衰落呢？
。。。書中分析了幾個層次的原因。
首先是美日半導體貿易衝突。<1986年，<美國迫使日本簽署了「美日半導體協定」，<限制日本出口半導體的數量，<並設定了價格底線。
這個協定原本是為了保護美國企業，<但意外的受益者卻是韓國。",PC-98與封閉系統,"Aspect ratio 1:1, square format, exactly 1024x1024 resolution. This image must be an absolute masterpiece of visual storytelling, designed specifically to captivate an audience interested in global semiconductor industry, high-tech history, and geopolitics. The visual style is an exquisite watercolor realism, intricately characterized by high-quality commercial magazine illustration aesthetics, avoiding any trace of flat, cartoonish, or overly simplistic vector art. Rich, deeply visible cold-pressed paper textures and highly expressive, artistic wet-on-wet brushstrokes are prominently featured throughout the entire canvas, giving the artwork a tangible, physical presence. The composition is exceptionally detailed and meticulously balanced, featuring a highly sophisticated color palette that seamlessly blends deep, moody atmospheric tones—such as midnight blues, rich indigos, and deep forest greens—with radiant, luminous highlights of electric cyan, glowing amber, and opulent gold. The lighting design is dramatic, theatrical, and highly cinematic, casting soft, diffused shadows while creating a premium, luxurious, and exclusive atmosphere. Absolutely no text, no words, no alphabet letters, and no numerical characters should be visible anywhere in the image; the communication must be entirely visual and symbolic. The aesthetic should be extremely polished, elegant, and sophisticated, evoking the feeling of reading a prestigious luxury technology periodical or stepping into the private, quiet study of a senior tech strategist. The artwork should masterfully bridge the gap between traditional fine art techniques and modern digital conceptual design, utilizing deliberate ink spatters, delicate and precise line work, and multiple transparent layered watercolor washes to build immense depth, volume, and visual complexity. Every single detail, from the macro structures to the micro textures, must be rendered with sharp, hyper-realistic precision. The watercolor brushstrokes should feel organic and fluid, standing in stark contrast with the precise, rigid geometric shapes of any technological elements present, creating a visual metaphor for the intersection of organic human history and the precise nature of silicon technology. The central focus of this specific image is: A computer monitor showing a proprietary Japanese operating system interface, isolated on an island, while a global digital network passes it by in the background."
段落_16,"因為日本被限制出口數量，<而且舊世代產品也不能降價，<韓國的三星就趁虛而入，<搶占了日本讓出來的市場空間。
。等於說美國打壓日本，<韓國成了漁翁得利？
。。。正是如此。<但日本衰落的更根本原因，<我們認為是日本做了一個戰略性的錯誤決定：<建立了獨立於全球的個人電腦系統。
NEC在1982年推出了PC-98系列，<使用自己的作業系統和架構，<和IBM的開放系統不相容。
在1990年代以前，<PC-98靠著日文處理的優勢，<占據了日本市場60%的份額。<
1995年微軟推出Windows 95以後，<語言障礙被軟體解決了，<PC-98的獨特性完全消失。
2003年NEC停產PC-98，<日本失去了個人電腦產業，<也失去了對半導體晶片需求最重要的驅動力。",綜合電氣製造商弊端,"Aspect ratio 1:1, square format, exactly 1024x1024 resolution. This image must be an absolute masterpiece of visual storytelling, designed specifically to captivate an audience interested in global semiconductor industry, high-tech history, and geopolitics. The visual style is an exquisite watercolor realism, intricately characterized by high-quality commercial magazine illustration aesthetics, avoiding any trace of flat, cartoonish, or overly simplistic vector art. Rich, deeply visible cold-pressed paper textures and highly expressive, artistic wet-on-wet brushstrokes are prominently featured throughout the entire canvas, giving the artwork a tangible, physical presence. The composition is exceptionally detailed and meticulously balanced, featuring a highly sophisticated color palette that seamlessly blends deep, moody atmospheric tones—such as midnight blues, rich indigos, and deep forest greens—with radiant, luminous highlights of electric cyan, glowing amber, and opulent gold. The lighting design is dramatic, theatrical, and highly cinematic, casting soft, diffused shadows while creating a premium, luxurious, and exclusive atmosphere. Absolutely no text, no words, no alphabet letters, and no numerical characters should be visible anywhere in the image; the communication must be entirely visual and symbolic. The aesthetic should be extremely polished, elegant, and sophisticated, evoking the feeling of reading a prestigious luxury technology periodical or stepping into the private, quiet study of a senior tech strategist. The artwork should masterfully bridge the gap between traditional fine art techniques and modern digital conceptual design, utilizing deliberate ink spatters, delicate and precise line work, and multiple transparent layered watercolor washes to build immense depth, volume, and visual complexity. Every single detail, from the macro structures to the micro textures, must be rendered with sharp, hyper-realistic precision. The watercolor brushstrokes should feel organic and fluid, standing in stark contrast with the precise, rigid geometric shapes of any technological elements present, creating a visual metaphor for the intersection of organic human history and the precise nature of silicon technology. The central focus of this specific image is: A giant tree with too many branches spreading out, each branch carrying different electronic products, causing the trunk to look strained under the weight."
段落_17,"。。所以日本的問題不只是技術落後，<而是錯過了個人電腦和後來智慧型手機的大浪潮？
。。。完全正確。<日本企業的「綜合電氣製造商」模式也是問題。
這些公司什麼都做：<半導體、電視、電梯、電話，<產品線太分散，<無法集中資源在半導體的研發上。
相比之下，<英特爾在1985年果斷放棄DRAM，<專攻微處理器，<結果重新奪回了全球第一的寶座。
日本企業直到2000年以後才開始重組，<但大勢已去。
。這段歷史的教訓就是：<專注才能致勝，<而且不能自外於全球主流的技術平台。",韓國財閥與三星崛起,"Aspect ratio 1:1, square format, exactly 1024x1024 resolution. This image must be an absolute masterpiece of visual storytelling, designed specifically to captivate an audience interested in global semiconductor industry, high-tech history, and geopolitics. The visual style is an exquisite watercolor realism, intricately characterized by high-quality commercial magazine illustration aesthetics, avoiding any trace of flat, cartoonish, or overly simplistic vector art. Rich, deeply visible cold-pressed paper textures and highly expressive, artistic wet-on-wet brushstrokes are prominently featured throughout the entire canvas, giving the artwork a tangible, physical presence. The composition is exceptionally detailed and meticulously balanced, featuring a highly sophisticated color palette that seamlessly blends deep, moody atmospheric tones—such as midnight blues, rich indigos, and deep forest greens—with radiant, luminous highlights of electric cyan, glowing amber, and opulent gold. The lighting design is dramatic, theatrical, and highly cinematic, casting soft, diffused shadows while creating a premium, luxurious, and exclusive atmosphere. Absolutely no text, no words, no alphabet letters, and no numerical characters should be visible anywhere in the image; the communication must be entirely visual and symbolic. The aesthetic should be extremely polished, elegant, and sophisticated, evoking the feeling of reading a prestigious luxury technology periodical or stepping into the private, quiet study of a senior tech strategist. The artwork should masterfully bridge the gap between traditional fine art techniques and modern digital conceptual design, utilizing deliberate ink spatters, delicate and precise line work, and multiple transparent layered watercolor washes to build immense depth, volume, and visual complexity. Every single detail, from the macro structures to the micro textures, must be rendered with sharp, hyper-realistic precision. The watercolor brushstrokes should feel organic and fluid, standing in stark contrast with the precise, rigid geometric shapes of any technological elements present, creating a visual metaphor for the intersection of organic human history and the precise nature of silicon technology. The central focus of this specific image is: A massive, powerful fortress made of steel and silicon, built by Samsung, standing firm against a stormy sea, with three pillars glowing in blue."
段落_18,"那麼韓國又是怎麼崛起的呢？
@@@@
>>>>韓國財閥的逆襲：三星如何從零到DRAM霸主
。韓國的發展路徑和台灣完全不同，對吧？
。。。是的，<差異非常大。
台灣的半導體產業是<「政府主導、技術移轉、中小企業跟進」的模式。<但韓國完全不同，<是由三星、現代、金星這些大財閥自己主導的。
韓國政府的角色相對被動，<主要是政策引導和間接的金融支持。
。。為什麼韓國的財閥願意冒險投入這個高風險的產業？",財閥的三大優勢,"Aspect ratio 1:1, square format, exactly 1024x1024 resolution. This image must be an absolute masterpiece of visual storytelling, designed specifically to captivate an audience interested in global semiconductor industry, high-tech history, and geopolitics. The visual style is an exquisite watercolor realism, intricately characterized by high-quality commercial magazine illustration aesthetics, avoiding any trace of flat, cartoonish, or overly simplistic vector art. Rich, deeply visible cold-pressed paper textures and highly expressive, artistic wet-on-wet brushstrokes are prominently featured throughout the entire canvas, giving the artwork a tangible, physical presence. The composition is exceptionally detailed and meticulously balanced, featuring a highly sophisticated color palette that seamlessly blends deep, moody atmospheric tones—such as midnight blues, rich indigos, and deep forest greens—with radiant, luminous highlights of electric cyan, glowing amber, and opulent gold. The lighting design is dramatic, theatrical, and highly cinematic, casting soft, diffused shadows while creating a premium, luxurious, and exclusive atmosphere. Absolutely no text, no words, no alphabet letters, and no numerical characters should be visible anywhere in the image; the communication must be entirely visual and symbolic. The aesthetic should be extremely polished, elegant, and sophisticated, evoking the feeling of reading a prestigious luxury technology periodical or stepping into the private, quiet study of a senior tech strategist. The artwork should masterfully bridge the gap between traditional fine art techniques and modern digital conceptual design, utilizing deliberate ink spatters, delicate and precise line work, and multiple transparent layered watercolor washes to build immense depth, volume, and visual complexity. Every single detail, from the macro structures to the micro textures, must be rendered with sharp, hyper-realistic precision. The watercolor brushstrokes should feel organic and fluid, standing in stark contrast with the precise, rigid geometric shapes of any technological elements present, creating a visual metaphor for the intersection of organic human history and the precise nature of silicon technology. The central focus of this specific image is: A heavy golden vault, a cargo ship carrying electronics, and a government document with a stamp, symbolizing financial scale, market integration, and policy support."
段落_19,"。。。因為財閥有三個關鍵優勢。
第一是規模經濟。<財閥旗下有消費電子、家電、通訊等眾多事業，<半導體做出來可以先給自己用，<不怕找不到客戶。
第二是內部市場。<三星自己就是電視、手機的大廠，<自家的DRAM可以優先供應自家產品。
第三是金融資源。<財閥和銀行關係深厚，<而且韓國政府在危急時刻也會出手相助。
這三個優勢合在一起，<讓財閥有能力承擔巨大的風險，<忍受長期的虧損。
。三星的DRAM從1983年開始做，<連續虧損了五年，<直到1988年才轉虧為盈？",中小企業vs大財閥,"Aspect ratio 1:1, square format, exactly 1024x1024 resolution. This image must be an absolute masterpiece of visual storytelling, designed specifically to captivate an audience interested in global semiconductor industry, high-tech history, and geopolitics. The visual style is an exquisite watercolor realism, intricately characterized by high-quality commercial magazine illustration aesthetics, avoiding any trace of flat, cartoonish, or overly simplistic vector art. Rich, deeply visible cold-pressed paper textures and highly expressive, artistic wet-on-wet brushstrokes are prominently featured throughout the entire canvas, giving the artwork a tangible, physical presence. The composition is exceptionally detailed and meticulously balanced, featuring a highly sophisticated color palette that seamlessly blends deep, moody atmospheric tones—such as midnight blues, rich indigos, and deep forest greens—with radiant, luminous highlights of electric cyan, glowing amber, and opulent gold. The lighting design is dramatic, theatrical, and highly cinematic, casting soft, diffused shadows while creating a premium, luxurious, and exclusive atmosphere. Absolutely no text, no words, no alphabet letters, and no numerical characters should be visible anywhere in the image; the communication must be entirely visual and symbolic. The aesthetic should be extremely polished, elegant, and sophisticated, evoking the feeling of reading a prestigious luxury technology periodical or stepping into the private, quiet study of a senior tech strategist. The artwork should masterfully bridge the gap between traditional fine art techniques and modern digital conceptual design, utilizing deliberate ink spatters, delicate and precise line work, and multiple transparent layered watercolor washes to build immense depth, volume, and visual complexity. Every single detail, from the macro structures to the micro textures, must be rendered with sharp, hyper-realistic precision. The watercolor brushstrokes should feel organic and fluid, standing in stark contrast with the precise, rigid geometric shapes of any technological elements present, creating a visual metaphor for the intersection of organic human history and the precise nature of silicon technology. The central focus of this specific image is: A contrast between small, fragile wooden boats (中小企業) trying to survive a storm, and a colossal steel aircraft carrier (韓國財閥) cutting through the waves smoothly."
段落_20,"。。。沒錯。<這種「虧損五年也不放棄」的決心和底氣，<一般企業根本做不到。
而且三星還非常聰明地利用了外部機遇。<1986年的美日半導體協定限制了日本出口，<三星趁機搶占市場。
到了1991年，<三星已經成為全球最大的一百萬位元DRAM製造商，<超越了所有日本公司。
。。那台灣的中小企業為什麼做不到同樣的事？
。。。這就是產業組織的差異。<台灣的企業規模太小，<無法承受DRAM產業劇烈的景氣循環。
書中有一個很生動的說法：<台灣DRAM公司在景氣好的時候賺點小錢，<景氣差的時候就進入「五十億俱樂部」，<意思是一年虧損超過五十億台幣。",中國半導體的大基金,"Aspect ratio 1:1, square format, exactly 1024x1024 resolution. This image must be an absolute masterpiece of visual storytelling, designed specifically to captivate an audience interested in global semiconductor industry, high-tech history, and geopolitics. The visual style is an exquisite watercolor realism, intricately characterized by high-quality commercial magazine illustration aesthetics, avoiding any trace of flat, cartoonish, or overly simplistic vector art. Rich, deeply visible cold-pressed paper textures and highly expressive, artistic wet-on-wet brushstrokes are prominently featured throughout the entire canvas, giving the artwork a tangible, physical presence. The composition is exceptionally detailed and meticulously balanced, featuring a highly sophisticated color palette that seamlessly blends deep, moody atmospheric tones—such as midnight blues, rich indigos, and deep forest greens—with radiant, luminous highlights of electric cyan, glowing amber, and opulent gold. The lighting design is dramatic, theatrical, and highly cinematic, casting soft, diffused shadows while creating a premium, luxurious, and exclusive atmosphere. Absolutely no text, no words, no alphabet letters, and no numerical characters should be visible anywhere in the image; the communication must be entirely visual and symbolic. The aesthetic should be extremely polished, elegant, and sophisticated, evoking the feeling of reading a prestigious luxury technology periodical or stepping into the private, quiet study of a senior tech strategist. The artwork should masterfully bridge the gap between traditional fine art techniques and modern digital conceptual design, utilizing deliberate ink spatters, delicate and precise line work, and multiple transparent layered watercolor washes to build immense depth, volume, and visual complexity. Every single detail, from the macro structures to the micro textures, must be rendered with sharp, hyper-realistic precision. The watercolor brushstrokes should feel organic and fluid, standing in stark contrast with the precise, rigid geometric shapes of any technological elements present, creating a visual metaphor for the intersection of organic human history and the precise nature of silicon technology. The central focus of this specific image is: A giant, golden container of liquid capital being poured onto a barren soil of silicon wafers, with new factories starting to sprout up like digital plants."
段落_21,"財閥的優勢只在垂直整合製造時才能發揮，<這也解釋了為什麼韓國從未發展出代工模式。
反過來，<韓國財閥的主導地位，<讓無晶圓廠設計公司沒有發展空間，<也就沒有晶圓代工的需求。
這等於說，<韓國在DRAM贏了台灣，<但也自動幫台灣清除了代工領域的競爭對手。
。這真是一個有趣的「此消彼長」關係。<讓我們接著來看中國的半導體野心。
@@@@
>>>>中國的半導體大夢：從追趕到被圍堵
。中國一直想在半導體領域突破，<但似乎一直遇到很大的困難？
。。。中國的半導體發展史，<書中用了一個很精準的描述：<「十年磨一劍，<但劍還沒磨好」。
中國政府很早就認識到半導體的重要性，<從1990年代的「909工程」，<到2000年的「18號文件」，
再到2014年成立的「國家集成電路產業投資基金」<（俗稱大基金），<投入了大量的國家資源。",融入全球化與限制,"Aspect ratio 1:1, square format, exactly 1024x1024 resolution. This image must be an absolute masterpiece of visual storytelling, designed specifically to captivate an audience interested in global semiconductor industry, high-tech history, and geopolitics. The visual style is an exquisite watercolor realism, intricately characterized by high-quality commercial magazine illustration aesthetics, avoiding any trace of flat, cartoonish, or overly simplistic vector art. Rich, deeply visible cold-pressed paper textures and highly expressive, artistic wet-on-wet brushstrokes are prominently featured throughout the entire canvas, giving the artwork a tangible, physical presence. The composition is exceptionally detailed and meticulously balanced, featuring a highly sophisticated color palette that seamlessly blends deep, moody atmospheric tones—such as midnight blues, rich indigos, and deep forest greens—with radiant, luminous highlights of electric cyan, glowing amber, and opulent gold. The lighting design is dramatic, theatrical, and highly cinematic, casting soft, diffused shadows while creating a premium, luxurious, and exclusive atmosphere. Absolutely no text, no words, no alphabet letters, and no numerical characters should be visible anywhere in the image; the communication must be entirely visual and symbolic. The aesthetic should be extremely polished, elegant, and sophisticated, evoking the feeling of reading a prestigious luxury technology periodical or stepping into the private, quiet study of a senior tech strategist. The artwork should masterfully bridge the gap between traditional fine art techniques and modern digital conceptual design, utilizing deliberate ink spatters, delicate and precise line work, and multiple transparent layered watercolor washes to build immense depth, volume, and visual complexity. Every single detail, from the macro structures to the micro textures, must be rendered with sharp, hyper-realistic precision. The watercolor brushstrokes should feel organic and fluid, standing in stark contrast with the precise, rigid geometric shapes of any technological elements present, creating a visual metaphor for the intersection of organic human history and the precise nature of silicon technology. The central focus of this specific image is: A glowing circuit board trying to connect to a global network, but blocked by a transparent, solid glass wall representing export restrictions."
段落_22,"。。那為什麼到現在還是追不上？
。。。書中分析了幾個關鍵原因。
第一，<中國最初的策略是「融入全球化」，<而不是建立自主供應鏈。
它吸引台積電和其他國際廠商到中國投資，<但台灣政府採取了「N減二」原則，<只允許將落後兩個世代的技術輸出到中國。
第二，<中國曾經嘗試透過「中芯國際」<建立自己的晶圓代工能力，<但中芯的技術一直落後台積電好幾代。
。書中提到了一個很戲劇性的事件，<就是台積電的前研發主管梁孟松<離開台積電後加入了中芯國際？
。。。是的。<半導體產業的人才流動一直是敏感議題。",中芯國際與梁孟松,"Aspect ratio 1:1, square format, exactly 1024x1024 resolution. This image must be an absolute masterpiece of visual storytelling, designed specifically to captivate an audience interested in global semiconductor industry, high-tech history, and geopolitics. The visual style is an exquisite watercolor realism, intricately characterized by high-quality commercial magazine illustration aesthetics, avoiding any trace of flat, cartoonish, or overly simplistic vector art. Rich, deeply visible cold-pressed paper textures and highly expressive, artistic wet-on-wet brushstrokes are prominently featured throughout the entire canvas, giving the artwork a tangible, physical presence. The composition is exceptionally detailed and meticulously balanced, featuring a highly sophisticated color palette that seamlessly blends deep, moody atmospheric tones—such as midnight blues, rich indigos, and deep forest greens—with radiant, luminous highlights of electric cyan, glowing amber, and opulent gold. The lighting design is dramatic, theatrical, and highly cinematic, casting soft, diffused shadows while creating a premium, luxurious, and exclusive atmosphere. Absolutely no text, no words, no alphabet letters, and no numerical characters should be visible anywhere in the image; the communication must be entirely visual and symbolic. The aesthetic should be extremely polished, elegant, and sophisticated, evoking the feeling of reading a prestigious luxury technology periodical or stepping into the private, quiet study of a senior tech strategist. The artwork should masterfully bridge the gap between traditional fine art techniques and modern digital conceptual design, utilizing deliberate ink spatters, delicate and precise line work, and multiple transparent layered watercolor washes to build immense depth, volume, and visual complexity. Every single detail, from the macro structures to the micro textures, must be rendered with sharp, hyper-realistic precision. The watercolor brushstrokes should feel organic and fluid, standing in stark contrast with the precise, rigid geometric shapes of any technological elements present, creating a visual metaphor for the intersection of organic human history and the precise nature of silicon technology. The central focus of this specific image is: A bridge connecting two distinct tech hubs, with silhouettes of engineers crossing over carrying blueprint tubes, under a sky filled with shooting stars."
段落_23,"但即使有了人才，<中國面臨的最大障礙是設備。
全球最先進的EUV微影設備只有荷蘭的艾斯摩爾能生產，<而美國已經成功地說服荷蘭，<禁止向中國出售這種設備。
。。那華為的海思半導體呢？<它不是一度做出了非常先進的晶片？
。。。沒錯，<華為的海思確實是中國半導體設計領域的佼佼者。<它設計的麒麟晶片一度可以和蘋果、高通競爭。
但問題是，<海思設計的晶片需要台積電來製造。
2020年美國對華為實施制裁後，<台積電被迫停止為華為代工。<海思失去了最先進的製造夥伴，<等於被釜底抽薪。
這個事件深刻說明了一件事：<在半導體產業中，<「會設計」和「能製造」同樣重要。
中國在設計領域有不少亮點，<但在製造領域的落差，<目前仍然是最大的瓶頸。
。所以中國的困境是：<設計做得不錯，<但製造跟不上，<而且設備還被卡脖子。",美國對華為海思制裁,"Aspect ratio 1:1, square format, exactly 1024x1024 resolution. This image must be an absolute masterpiece of visual storytelling, designed specifically to captivate an audience interested in global semiconductor industry, high-tech history, and geopolitics. The visual style is an exquisite watercolor realism, intricately characterized by high-quality commercial magazine illustration aesthetics, avoiding any trace of flat, cartoonish, or overly simplistic vector art. Rich, deeply visible cold-pressed paper textures and highly expressive, artistic wet-on-wet brushstrokes are prominently featured throughout the entire canvas, giving the artwork a tangible, physical presence. The composition is exceptionally detailed and meticulously balanced, featuring a highly sophisticated color palette that seamlessly blends deep, moody atmospheric tones—such as midnight blues, rich indigos, and deep forest greens—with radiant, luminous highlights of electric cyan, glowing amber, and opulent gold. The lighting design is dramatic, theatrical, and highly cinematic, casting soft, diffused shadows while creating a premium, luxurious, and exclusive atmosphere. Absolutely no text, no words, no alphabet letters, and no numerical characters should be visible anywhere in the image; the communication must be entirely visual and symbolic. The aesthetic should be extremely polished, elegant, and sophisticated, evoking the feeling of reading a prestigious luxury technology periodical or stepping into the private, quiet study of a senior tech strategist. The artwork should masterfully bridge the gap between traditional fine art techniques and modern digital conceptual design, utilizing deliberate ink spatters, delicate and precise line work, and multiple transparent layered watercolor washes to build immense depth, volume, and visual complexity. Every single detail, from the macro structures to the micro textures, must be rendered with sharp, hyper-realistic precision. The watercolor brushstrokes should feel organic and fluid, standing in stark contrast with the precise, rigid geometric shapes of any technological elements present, creating a visual metaphor for the intersection of organic human history and the precise nature of silicon technology. The central focus of this specific image is: A glowing, advanced microchip being cut off from a power source by a heavy lock and key, with red warning alerts glowing around it."
段落_24,"。。這真的是一個非常複雜的地緣政治棋局。<那麼接下來我們要談的是<半導體技術本身的演進故事了。
@@@@
>>>>技術的聖杯：從微影技術到EUV的百年追光
。書中第深入討論了半導體製程技術的演進，<特別是微影技術。<老師，<什麼是微影技術？<為什麼它這麼重要？
。。。微影技術可以說是半導體製造的核心中的核心。
簡單來說，<微影就像是用光線在矽晶圓上「印刷」電路圖案。
就像照相一樣，<把設計好的電路圖案，<用光投影到晶圓表面的感光材料上，<然後再蝕刻出來。
晶片上電晶體的尺寸能做到多小，<完全取決於微影技術能投射多細的光線。<光的波長越短，<能刻出的線條就越細。",微影技術的百年追光,"Aspect ratio 1:1, square format, exactly 1024x1024 resolution. This image must be an absolute masterpiece of visual storytelling, designed specifically to captivate an audience interested in global semiconductor industry, high-tech history, and geopolitics. The visual style is an exquisite watercolor realism, intricately characterized by high-quality commercial magazine illustration aesthetics, avoiding any trace of flat, cartoonish, or overly simplistic vector art. Rich, deeply visible cold-pressed paper textures and highly expressive, artistic wet-on-wet brushstrokes are prominently featured throughout the entire canvas, giving the artwork a tangible, physical presence. The composition is exceptionally detailed and meticulously balanced, featuring a highly sophisticated color palette that seamlessly blends deep, moody atmospheric tones—such as midnight blues, rich indigos, and deep forest greens—with radiant, luminous highlights of electric cyan, glowing amber, and opulent gold. The lighting design is dramatic, theatrical, and highly cinematic, casting soft, diffused shadows while creating a premium, luxurious, and exclusive atmosphere. Absolutely no text, no words, no alphabet letters, and no numerical characters should be visible anywhere in the image; the communication must be entirely visual and symbolic. The aesthetic should be extremely polished, elegant, and sophisticated, evoking the feeling of reading a prestigious luxury technology periodical or stepping into the private, quiet study of a senior tech strategist. The artwork should masterfully bridge the gap between traditional fine art techniques and modern digital conceptual design, utilizing deliberate ink spatters, delicate and precise line work, and multiple transparent layered watercolor washes to build immense depth, volume, and visual complexity. Every single detail, from the macro structures to the micro textures, must be rendered with sharp, hyper-realistic precision. The watercolor brushstrokes should feel organic and fluid, standing in stark contrast with the precise, rigid geometric shapes of any technological elements present, creating a visual metaphor for the intersection of organic human history and the precise nature of silicon technology. The central focus of this specific image is: A series of lenses focusing light of progressively shorter wavelengths—from red, to green, to ultraviolet—onto a microscopic silicon target."
段落_25,"。所以半導體的進步，<某種意義上就是「追光」的過程？
。。。說得非常好！<這確實是一段長達數十年的「追光史」。
最早期用的是436奈米的g線光源，<後來進化到365奈米的i線，<再到248奈米的KrF準分子雷射，<然後是193奈米的ArF準分子雷射。
每一次光源波長的縮短，<都代表一個世代的技術飛躍。
。。到了193奈米之後是不是就到了極限？<我記得後來出現了所謂的「浸潤式微影」？
。。。對！<這是非常精彩的一段故事。",浸潤式微影與折射水,"Aspect ratio 1:1, square format, exactly 1024x1024 resolution. This image must be an absolute masterpiece of visual storytelling, designed specifically to captivate an audience interested in global semiconductor industry, high-tech history, and geopolitics. The visual style is an exquisite watercolor realism, intricately characterized by high-quality commercial magazine illustration aesthetics, avoiding any trace of flat, cartoonish, or overly simplistic vector art. Rich, deeply visible cold-pressed paper textures and highly expressive, artistic wet-on-wet brushstrokes are prominently featured throughout the entire canvas, giving the artwork a tangible, physical presence. The composition is exceptionally detailed and meticulously balanced, featuring a highly sophisticated color palette that seamlessly blends deep, moody atmospheric tones—such as midnight blues, rich indigos, and deep forest greens—with radiant, luminous highlights of electric cyan, glowing amber, and opulent gold. The lighting design is dramatic, theatrical, and highly cinematic, casting soft, diffused shadows while creating a premium, luxurious, and exclusive atmosphere. Absolutely no text, no words, no alphabet letters, and no numerical characters should be visible anywhere in the image; the communication must be entirely visual and symbolic. The aesthetic should be extremely polished, elegant, and sophisticated, evoking the feeling of reading a prestigious luxury technology periodical or stepping into the private, quiet study of a senior tech strategist. The artwork should masterfully bridge the gap between traditional fine art techniques and modern digital conceptual design, utilizing deliberate ink spatters, delicate and precise line work, and multiple transparent layered watercolor washes to build immense depth, volume, and visual complexity. Every single detail, from the macro structures to the micro textures, must be rendered with sharp, hyper-realistic precision. The watercolor brushstrokes should feel organic and fluid, standing in stark contrast with the precise, rigid geometric shapes of any technological elements present, creating a visual metaphor for the intersection of organic human history and the precise nature of silicon technology. The central focus of this specific image is: A beam of bright laser light passing through a pure, clear droplet of water onto a silicon wafer, bending the light to make it sharper and more precise."
段落_26,"台積電的林本堅博士提出了一個天才的想法：<在鏡頭和晶圓之間注入一層純水，<利用水的折射率來等效縮短光的波長。
193奈米的光通過水之後，<等效波長可以縮短到大約134奈米。<這個方法讓193奈米的光源又多撐了好幾代。
林本堅的浸潤式微影技術，<被認為是台灣對全球半導體技術<最重要的原創貢獻之一。
。太厲害了！<那後來呢？<為什麼還需要EUV？
。。。因為即使用了浸潤式微影加上各種補丁技術，<到了七奈米左右就真的到了物理極限。
於是產業界把希望寄託在EUV，<也就是極紫外光微影技術上。<EUV的光源波長只有13.5奈米，<是193奈米的十四分之一。",物理極限與EUV艱難,"Aspect ratio 1:1, square format, exactly 1024x1024 resolution. This image must be an absolute masterpiece of visual storytelling, designed specifically to captivate an audience interested in global semiconductor industry, high-tech history, and geopolitics. The visual style is an exquisite watercolor realism, intricately characterized by high-quality commercial magazine illustration aesthetics, avoiding any trace of flat, cartoonish, or overly simplistic vector art. Rich, deeply visible cold-pressed paper textures and highly expressive, artistic wet-on-wet brushstrokes are prominently featured throughout the entire canvas, giving the artwork a tangible, physical presence. The composition is exceptionally detailed and meticulously balanced, featuring a highly sophisticated color palette that seamlessly blends deep, moody atmospheric tones—such as midnight blues, rich indigos, and deep forest greens—with radiant, luminous highlights of electric cyan, glowing amber, and opulent gold. The lighting design is dramatic, theatrical, and highly cinematic, casting soft, diffused shadows while creating a premium, luxurious, and exclusive atmosphere. Absolutely no text, no words, no alphabet letters, and no numerical characters should be visible anywhere in the image; the communication must be entirely visual and symbolic. The aesthetic should be extremely polished, elegant, and sophisticated, evoking the feeling of reading a prestigious luxury technology periodical or stepping into the private, quiet study of a senior tech strategist. The artwork should masterfully bridge the gap between traditional fine art techniques and modern digital conceptual design, utilizing deliberate ink spatters, delicate and precise line work, and multiple transparent layered watercolor washes to build immense depth, volume, and visual complexity. Every single detail, from the macro structures to the micro textures, must be rendered with sharp, hyper-realistic precision. The watercolor brushstrokes should feel organic and fluid, standing in stark contrast with the precise, rigid geometric shapes of any technological elements present, creating a visual metaphor for the intersection of organic human history and the precise nature of silicon technology. The central focus of this specific image is: A massive, futuristic machinery room where an ultra-complex EUV light source is generated by laser pulses hitting tin droplets, radiating a brilliant, white-blue light."
段落_27,"但EUV的開發過程極其艱難，<從1990年代開始研究，<到2019年台積電才真正用在量產上，<花了將近三十年。
。。書中特別提到了艾斯摩爾(ASML)這家公司，對吧？
。。。是的。<艾斯摩爾是荷蘭的一家公司，<它是全球唯一能製造EUV微影設備的廠商。
一台EUV光刻機的價格超過兩億美元，<裡面有超過十萬個零件，<來自美國、歐洲、日本等多個國家的供應商。
書中強調，<艾斯摩爾的壟斷地位說明了一件事：<半導體技術已經複雜到沒有任何一個國家<能獨力完成所有的技術環節。
這也是為什麼半導體的全球化不會終結的原因，<因為供應鏈的每一環都是跨國整合的結果。",ASML在荷蘭的壟斷,"Aspect ratio 1:1, square format, exactly 1024x1024 resolution. This image must be an absolute masterpiece of visual storytelling, designed specifically to captivate an audience interested in global semiconductor industry, high-tech history, and geopolitics. The visual style is an exquisite watercolor realism, intricately characterized by high-quality commercial magazine illustration aesthetics, avoiding any trace of flat, cartoonish, or overly simplistic vector art. Rich, deeply visible cold-pressed paper textures and highly expressive, artistic wet-on-wet brushstrokes are prominently featured throughout the entire canvas, giving the artwork a tangible, physical presence. The composition is exceptionally detailed and meticulously balanced, featuring a highly sophisticated color palette that seamlessly blends deep, moody atmospheric tones—such as midnight blues, rich indigos, and deep forest greens—with radiant, luminous highlights of electric cyan, glowing amber, and opulent gold. The lighting design is dramatic, theatrical, and highly cinematic, casting soft, diffused shadows while creating a premium, luxurious, and exclusive atmosphere. Absolutely no text, no words, no alphabet letters, and no numerical characters should be visible anywhere in the image; the communication must be entirely visual and symbolic. The aesthetic should be extremely polished, elegant, and sophisticated, evoking the feeling of reading a prestigious luxury technology periodical or stepping into the private, quiet study of a senior tech strategist. The artwork should masterfully bridge the gap between traditional fine art techniques and modern digital conceptual design, utilizing deliberate ink spatters, delicate and precise line work, and multiple transparent layered watercolor washes to build immense depth, volume, and visual complexity. Every single detail, from the macro structures to the micro textures, must be rendered with sharp, hyper-realistic precision. The watercolor brushstrokes should feel organic and fluid, standing in stark contrast with the precise, rigid geometric shapes of any technological elements present, creating a visual metaphor for the intersection of organic human history and the precise nature of silicon technology. The central focus of this specific image is: A monolithic, extremely advanced EUV lithography machine built by ASML, surrounded by international flags and component blueprints, representing global reliance."
段落_28,"。所以半導體的技術進步，<靠的是全球頂尖人才和企業的共同努力，<任何一個國家都無法獨自完成。<這帶我們進入最後一個主題：<地緣政治與半導體的關係。
@@@@
>>>>矽盾與大棋局：地緣政治如何重塑半導體版圖
。接下來我們要討論了半導體與地緣政治的關係。<這個話題最近幾年非常火熱。
老師，<台灣的半導體產業真的是「矽盾」嗎？
。。。「矽盾」這個概念很有意思。
它的意思是，<台灣在半導體製造上的關鍵地位，<使得任何對台灣的軍事攻擊<都會摧毀全球的半導體供應鏈，<這等於是一種戰略威懾。
美國人工智慧國家安全委員會的報告中有一句話非常震撼：<「全球絕大多數尖端晶片，<是依靠與我們主要戰略競爭對手<相距僅110英里水域外的<某個單一工廠所生產。」
這裡說的就是台積電。",矽盾與地緣政治,"Aspect ratio 1:1, square format, exactly 1024x1024 resolution. This image must be an absolute masterpiece of visual storytelling, designed specifically to captivate an audience interested in global semiconductor industry, high-tech history, and geopolitics. The visual style is an exquisite watercolor realism, intricately characterized by high-quality commercial magazine illustration aesthetics, avoiding any trace of flat, cartoonish, or overly simplistic vector art. Rich, deeply visible cold-pressed paper textures and highly expressive, artistic wet-on-wet brushstrokes are prominently featured throughout the entire canvas, giving the artwork a tangible, physical presence. The composition is exceptionally detailed and meticulously balanced, featuring a highly sophisticated color palette that seamlessly blends deep, moody atmospheric tones—such as midnight blues, rich indigos, and deep forest greens—with radiant, luminous highlights of electric cyan, glowing amber, and opulent gold. The lighting design is dramatic, theatrical, and highly cinematic, casting soft, diffused shadows while creating a premium, luxurious, and exclusive atmosphere. Absolutely no text, no words, no alphabet letters, and no numerical characters should be visible anywhere in the image; the communication must be entirely visual and symbolic. The aesthetic should be extremely polished, elegant, and sophisticated, evoking the feeling of reading a prestigious luxury technology periodical or stepping into the private, quiet study of a senior tech strategist. The artwork should masterfully bridge the gap between traditional fine art techniques and modern digital conceptual design, utilizing deliberate ink spatters, delicate and precise line work, and multiple transparent layered watercolor washes to build immense depth, volume, and visual complexity. Every single detail, from the macro structures to the micro textures, must be rendered with sharp, hyper-realistic precision. The watercolor brushstrokes should feel organic and fluid, standing in stark contrast with the precise, rigid geometric shapes of any technological elements present, creating a visual metaphor for the intersection of organic human history and the precise nature of silicon technology. The central focus of this specific image is: A protective, glowing blue shield formed by layers of silicon wafers and circuits, enclosing a beautiful, prosperous island of Taiwan under a starry night sky."
段落_29,"。。所以美國通過了「晶片與科學法案」，<要把半導體製造搬回美國？
。。。2022年，<美國通過了「晶片與科學法案」，<提供了527億美元的聯邦補貼。
台積電響應了這個號召，<在亞利桑那州投資650億美元建設三座晶圓廠。<三星也在德州投資，<英特爾在俄亥俄和亞利桑那擴廠。
但書中也提到了一個很重要的歷史教訓：<台積電在1996年曾經在華盛頓州建廠，<結果完全失敗，<因為那裡的製造成本比台灣高出50%。
張忠謀當時批評美國推動國內製造的做法是<「一種浪費、昂貴而徒勞的操演」。
。。那日本和歐洲呢？<它們也在搶半導體製造嗎？",美國晶片法案與亞利桑那,"Aspect ratio 1:1, square format, exactly 1024x1024 resolution. This image must be an absolute masterpiece of visual storytelling, designed specifically to captivate an audience interested in global semiconductor industry, high-tech history, and geopolitics. The visual style is an exquisite watercolor realism, intricately characterized by high-quality commercial magazine illustration aesthetics, avoiding any trace of flat, cartoonish, or overly simplistic vector art. Rich, deeply visible cold-pressed paper textures and highly expressive, artistic wet-on-wet brushstrokes are prominently featured throughout the entire canvas, giving the artwork a tangible, physical presence. The composition is exceptionally detailed and meticulously balanced, featuring a highly sophisticated color palette that seamlessly blends deep, moody atmospheric tones—such as midnight blues, rich indigos, and deep forest greens—with radiant, luminous highlights of electric cyan, glowing amber, and opulent gold. The lighting design is dramatic, theatrical, and highly cinematic, casting soft, diffused shadows while creating a premium, luxurious, and exclusive atmosphere. Absolutely no text, no words, no alphabet letters, and no numerical characters should be visible anywhere in the image; the communication must be entirely visual and symbolic. The aesthetic should be extremely polished, elegant, and sophisticated, evoking the feeling of reading a prestigious luxury technology periodical or stepping into the private, quiet study of a senior tech strategist. The artwork should masterfully bridge the gap between traditional fine art techniques and modern digital conceptual design, utilizing deliberate ink spatters, delicate and precise line work, and multiple transparent layered watercolor washes to build immense depth, volume, and visual complexity. Every single detail, from the macro structures to the micro textures, must be rendered with sharp, hyper-realistic precision. The watercolor brushstrokes should feel organic and fluid, standing in stark contrast with the precise, rigid geometric shapes of any technological elements present, creating a visual metaphor for the intersection of organic human history and the precise nature of silicon technology. The central focus of this specific image is: A construction site of a massive wafer factory in the middle of a dry, hot Arizona desert, with giant cranes and steel structures under a bright sun."
段落_30,"。。。日本的動作非常積極。<書中介紹了日本政府的三階段計畫。
第一階段是邀請台積電到熊本縣建廠，<從28奈米製程切入，<日本政府補貼了將近40%的建廠成本。<這座工廠只花了兩年就建成，<速度驚人。
第二階段更大膽，<由八家日本企業集資成立了一家叫Rapidus的新公司，<目標直接挑戰2奈米製程。<IBM提供技術支持，<但風險極高。
書中引用東京大學黑田忠廣教授的比喻：<台積電到熊本建廠，<是現代版的「黑船事件」，<就像1853年美國黑船艦隊迫使日本開國一樣，<震醒了沉睡三十年的日本半導體產業。
歐盟也不甘落後，<通過了「歐洲晶片法」，<台積電在德國德勒斯登建廠，<搭配博世、英飛凌、恩智浦等車用晶片大廠。
。。所以全世界都在搶半導體製造？<這對台灣是好事還是壞事？",日本熊本建廠與黑船,"Aspect ratio 1:1, square format, exactly 1024x1024 resolution. This image must be an absolute masterpiece of visual storytelling, designed specifically to captivate an audience interested in global semiconductor industry, high-tech history, and geopolitics. The visual style is an exquisite watercolor realism, intricately characterized by high-quality commercial magazine illustration aesthetics, avoiding any trace of flat, cartoonish, or overly simplistic vector art. Rich, deeply visible cold-pressed paper textures and highly expressive, artistic wet-on-wet brushstrokes are prominently featured throughout the entire canvas, giving the artwork a tangible, physical presence. The composition is exceptionally detailed and meticulously balanced, featuring a highly sophisticated color palette that seamlessly blends deep, moody atmospheric tones—such as midnight blues, rich indigos, and deep forest greens—with radiant, luminous highlights of electric cyan, glowing amber, and opulent gold. The lighting design is dramatic, theatrical, and highly cinematic, casting soft, diffused shadows while creating a premium, luxurious, and exclusive atmosphere. Absolutely no text, no words, no alphabet letters, and no numerical characters should be visible anywhere in the image; the communication must be entirely visual and symbolic. The aesthetic should be extremely polished, elegant, and sophisticated, evoking the feeling of reading a prestigious luxury technology periodical or stepping into the private, quiet study of a senior tech strategist. The artwork should masterfully bridge the gap between traditional fine art techniques and modern digital conceptual design, utilizing deliberate ink spatters, delicate and precise line work, and multiple transparent layered watercolor washes to build immense depth, volume, and visual complexity. Every single detail, from the macro structures to the micro textures, must be rendered with sharp, hyper-realistic precision. The watercolor brushstrokes should feel organic and fluid, standing in stark contrast with the precise, rigid geometric shapes of any technological elements present, creating a visual metaphor for the intersection of organic human history and the precise nature of silicon technology. The central focus of this specific image is: A traditional Japanese castle in Kumamoto, with a modern, high-tech cleanroom facility integrated inside it, under cherry blossom trees in full bloom."
段落_31,"。。。書中的分析非常深刻。
作者們認為，<地緣政治並不會終結全球化，<但會改變全球化的形態。
以前是「美國設計、台灣製造、中國組裝」的大循環，<現在可能會裂解成幾個小循環。
但不管怎麼裂解，<有一件事不會改變：<半導體技術太複雜了，<沒有任何一個國家能獨立完成。
設計、製造、設備、材料分布在全球各地，<ASML的EUV光刻機就是最好的例子：<十萬個零件來自世界各國，<強迫它只用歐洲的供應商，<只會讓技術倒退。
。那台積電的角色會怎麼變化？",歐盟晶片法與德國廠,"Aspect ratio 1:1, square format, exactly 1024x1024 resolution. This image must be an absolute masterpiece of visual storytelling, designed specifically to captivate an audience interested in global semiconductor industry, high-tech history, and geopolitics. The visual style is an exquisite watercolor realism, intricately characterized by high-quality commercial magazine illustration aesthetics, avoiding any trace of flat, cartoonish, or overly simplistic vector art. Rich, deeply visible cold-pressed paper textures and highly expressive, artistic wet-on-wet brushstrokes are prominently featured throughout the entire canvas, giving the artwork a tangible, physical presence. The composition is exceptionally detailed and meticulously balanced, featuring a highly sophisticated color palette that seamlessly blends deep, moody atmospheric tones—such as midnight blues, rich indigos, and deep forest greens—with radiant, luminous highlights of electric cyan, glowing amber, and opulent gold. The lighting design is dramatic, theatrical, and highly cinematic, casting soft, diffused shadows while creating a premium, luxurious, and exclusive atmosphere. Absolutely no text, no words, no alphabet letters, and no numerical characters should be visible anywhere in the image; the communication must be entirely visual and symbolic. The aesthetic should be extremely polished, elegant, and sophisticated, evoking the feeling of reading a prestigious luxury technology periodical or stepping into the private, quiet study of a senior tech strategist. The artwork should masterfully bridge the gap between traditional fine art techniques and modern digital conceptual design, utilizing deliberate ink spatters, delicate and precise line work, and multiple transparent layered watercolor washes to build immense depth, volume, and visual complexity. Every single detail, from the macro structures to the micro textures, must be rendered with sharp, hyper-realistic precision. The watercolor brushstrokes should feel organic and fluid, standing in stark contrast with the precise, rigid geometric shapes of any technological elements present, creating a visual metaphor for the intersection of organic human history and the precise nature of silicon technology. The central focus of this specific image is: An industrial park in Dresden, Germany, surrounded by old European architectures, with a new semiconductor fab under construction and glowing digital roads."
段落_32,"。。。書中的觀點是，<台積電不會因為地緣政治而萎縮，<反而會進一步全球化。
過去台積電的製造集中在台灣，<未來將分散到美國、日本、歐洲。<客戶群也會從以美國為主，<擴展到日本和歐洲的車用晶片市場。
作者最後寫了一段意味深長的話：<「台灣企業規模一般不大，<產業地位卑微，<從來不是地緣政治的焦點。像台積電這樣動見觀瞻的企業，<對台灣而言是嶄新的經驗。
如何因應，<才能轉禍為福、化危為安，<不只是台積電的挑戰，<也是國家整體的挑戰。」
。。這句話說得真好。<半導體已經不只是一個產業問題，<而是國家安全和地緣政治的核心議題了。
@@@@
>>>>結語：從邊緣到核心，台灣半導體的啟示
。今天非常感謝老師帶我們深入導讀了這本書！<從1974年的一頓早餐、< R C A 計畫開始，
到台積電的成立與代工模式的革命，<再到DRAM的教訓、<全球半導體版圖的重塑，<這五十年的故事真的波瀾壯闊。
。。是的！<這本書讓我印象最深的是三個觀點。",小循環與供應鏈裂解,"Aspect ratio 1:1, square format, exactly 1024x1024 resolution. This image must be an absolute masterpiece of visual storytelling, designed specifically to captivate an audience interested in global semiconductor industry, high-tech history, and geopolitics. The visual style is an exquisite watercolor realism, intricately characterized by high-quality commercial magazine illustration aesthetics, avoiding any trace of flat, cartoonish, or overly simplistic vector art. Rich, deeply visible cold-pressed paper textures and highly expressive, artistic wet-on-wet brushstrokes are prominently featured throughout the entire canvas, giving the artwork a tangible, physical presence. The composition is exceptionally detailed and meticulously balanced, featuring a highly sophisticated color palette that seamlessly blends deep, moody atmospheric tones—such as midnight blues, rich indigos, and deep forest greens—with radiant, luminous highlights of electric cyan, glowing amber, and opulent gold. The lighting design is dramatic, theatrical, and highly cinematic, casting soft, diffused shadows while creating a premium, luxurious, and exclusive atmosphere. Absolutely no text, no words, no alphabet letters, and no numerical characters should be visible anywhere in the image; the communication must be entirely visual and symbolic. The aesthetic should be extremely polished, elegant, and sophisticated, evoking the feeling of reading a prestigious luxury technology periodical or stepping into the private, quiet study of a senior tech strategist. The artwork should masterfully bridge the gap between traditional fine art techniques and modern digital conceptual design, utilizing deliberate ink spatters, delicate and precise line work, and multiple transparent layered watercolor washes to build immense depth, volume, and visual complexity. Every single detail, from the macro structures to the micro textures, must be rendered with sharp, hyper-realistic precision. The watercolor brushstrokes should feel organic and fluid, standing in stark contrast with the precise, rigid geometric shapes of any technological elements present, creating a visual metaphor for the intersection of organic human history and the precise nature of silicon technology. The central focus of this specific image is: A globe showing localized, independent loops of supply chains in North America, Europe, and Asia, yet all still connected by a single thread of technology."
段落_33,"第一，<台灣半導體的成功不是偶然的，<而是政府遠見、工程師奉獻、<和全球產業結構變遷共同作用的結果。
第二，<同樣的商業模式不能套用到所有領域，<代工模式在邏輯晶片大獲全勝，<但在DRAM完全失敗，<因為產品本質不同。
第三，<半導體產業的全球化不會終結，<但形態會改變，<台灣必須學會在新的地緣政治棋局中找到自己的位置。
。。。我想補充一點。<這本書最可貴的地方，<是它不只講成功的光環，<也坦誠面對失敗的教訓。
台灣在DRAM的挫敗、<日本「失落三十年」的教訓，<都提醒我們：<沒有任何優勢是永恆的，<只有不斷創新、不斷學習，<才能在這個瞬息萬變的產業中生存。
。說得太好了！<如果你覺得今天的內容有收穫，<請千萬不要忘記按下訂閱、<按讚並分享給你的好朋友！",結語：未來的挑戰與啟示,"Aspect ratio 1:1, square format, exactly 1024x1024 resolution. This image must be an absolute masterpiece of visual storytelling, designed specifically to captivate an audience interested in global semiconductor industry, high-tech history, and geopolitics. The visual style is an exquisite watercolor realism, intricately characterized by high-quality commercial magazine illustration aesthetics, avoiding any trace of flat, cartoonish, or overly simplistic vector art. Rich, deeply visible cold-pressed paper textures and highly expressive, artistic wet-on-wet brushstrokes are prominently featured throughout the entire canvas, giving the artwork a tangible, physical presence. The composition is exceptionally detailed and meticulously balanced, featuring a highly sophisticated color palette that seamlessly blends deep, moody atmospheric tones—such as midnight blues, rich indigos, and deep forest greens—with radiant, luminous highlights of electric cyan, glowing amber, and opulent gold. The lighting design is dramatic, theatrical, and highly cinematic, casting soft, diffused shadows while creating a premium, luxurious, and exclusive atmosphere. Absolutely no text, no words, no alphabet letters, and no numerical characters should be visible anywhere in the image; the communication must be entirely visual and symbolic. The aesthetic should be extremely polished, elegant, and sophisticated, evoking the feeling of reading a prestigious luxury technology periodical or stepping into the private, quiet study of a senior tech strategist. The artwork should masterfully bridge the gap between traditional fine art techniques and modern digital conceptual design, utilizing deliberate ink spatters, delicate and precise line work, and multiple transparent layered watercolor washes to build immense depth, volume, and visual complexity. Every single detail, from the macro structures to the micro textures, must be rendered with sharp, hyper-realistic precision. The watercolor brushstrokes should feel organic and fluid, standing in stark contrast with the precise, rigid geometric shapes of any technological elements present, creating a visual metaphor for the intersection of organic human history and the precise nature of silicon technology. The central focus of this specific image is: A forward-looking view of a modern research lab, where next-generation 3D-stacked chips are being designed, under a bright, promising morning sun."
段落_34,"。。也歡迎在下方留言告訴我們，<你對台灣半導體產業的未來有什麼看法？<你覺得台積電在全球化的新棋局中<應該怎麼走？
黑狗文選，<我們下次見！<掰掰！",延續探討,"Aspect ratio 1:1, square format, exactly 1024x1024 resolution. This image must be an absolute masterpiece of visual storytelling, designed specifically to captivate an audience interested in global semiconductor industry, high-tech history, and geopolitics. The visual style is an exquisite watercolor realism, intricately characterized by high-quality commercial magazine illustration aesthetics, avoiding any trace of flat, cartoonish, or overly simplistic vector art. Rich, deeply visible cold-pressed paper textures and highly expressive, artistic wet-on-wet brushstrokes are prominently featured throughout the entire canvas, giving the artwork a tangible, physical presence. The composition is exceptionally detailed and meticulously balanced, featuring a highly sophisticated color palette that seamlessly blends deep, moody atmospheric tones—such as midnight blues, rich indigos, and deep forest greens—with radiant, luminous highlights of electric cyan, glowing amber, and opulent gold. The lighting design is dramatic, theatrical, and highly cinematic, casting soft, diffused shadows while creating a premium, luxurious, and exclusive atmosphere. Absolutely no text, no words, no alphabet letters, and no numerical characters should be visible anywhere in the image; the communication must be entirely visual and symbolic. The aesthetic should be extremely polished, elegant, and sophisticated, evoking the feeling of reading a prestigious luxury technology periodical or stepping into the private, quiet study of a senior tech strategist. The artwork should masterfully bridge the gap between traditional fine art techniques and modern digital conceptual design, utilizing deliberate ink spatters, delicate and precise line work, and multiple transparent layered watercolor washes to build immense depth, volume, and visual complexity. Every single detail, from the macro structures to the micro textures, must be rendered with sharp, hyper-realistic precision. The watercolor brushstrokes should feel organic and fluid, standing in stark contrast with the precise, rigid geometric shapes of any technological elements present, creating a visual metaphor for the intersection of organic human history and the precise nature of silicon technology. The central focus of this specific image is: An abstract, flowing composition of glowing data streams and golden watercolor washes, maintaining the intellectual and financial atmosphere."
